compound,type,mp_id,Nv,magnetic_moment,lattice_constant
Co2FeSb,full,mp-1224950,31,4.895,
Co2FeAs,full,mp-675526,31,6.08,
Co2FeAs,full,mp-1224972,31,6.08,
Co2FeP ,full,mp-1095664,31,4.68,
Co2CrAl,full,mp-10883,27,3.0,
Co2CrSi,full,mp-1095673,28,4.06,
Co2CrSi,full,mp-1008224,28,4.06,
Co2CrSi,full,mp-1226249,28,4.06,
Co2CrGe,full,mp-1183740,28,4.0,
Co2CrGe,full,mp-10394,28,4.0,
Co2CrGa,full,mp-567981,27,3.01,
Co2CrIn,full,mp-16735,27,3.2,
Co2CrSb,full,mp-1018082,29,5.023,
Co2CrAs,full,mp-1206397,29,4.891,
Co2CrAs,full,mp-1008277,29,4.891,
Co2CrP,full,mp-1102834,29,1.2939,
Co2CrP,full,mp-1226398,29,1.2939,
Co2TiAl,full,mp-5407,25,1.0,
Co2TiAl,full,mp-1064228,25,1.0,
Co2TiAl,full,mp-1217016,25,1.0,
Co2TiSi,full,mp-21306,26,2.0,
Co2TiSi,full,mp-3657,26,2.0,
Co2TiSi,full,mp-15657,26,2.0,
Co2TiGe,full,mp-1217400,26,1.97,
Co2TiGe,full,mp-22769,26,1.97,
Co2TiGe,full,mp-999067,26,1.97,
Co2TiGa,full,mp-20145,25,1.0,
Co2TiGa,full,mp-999054,25,1.0,
Co2TiGa,full,mp-1025229,25,1.0,
Co2TiSn,full,mp-20453,26,1.97,
Co2TiSn,full,mp-1216996,26,1.97,
Co2TiSn,full,mp-1216949,26,1.97,
Co2TiIn,full,mp-999046,25,1.03,
Co2TiIn,full,mp-1018043,25,1.03,
Co2TiIn,full,mp-865548,25,1.03,
Co2TiSb,full,mp-5967,27,1.67,
Co2TiSb,full,mp-1208246,27,1.67,
Co2TiSb,full,mp-1208267,27,1.67,
Co2TiAs,full,mp-961700,27,0.9743,
Co2TiP,full,mp-1102138,27,0.9248,
Co2TiP,full,mp-867373,27,0.9248,
Co2TiB,full,mp-504617,25,1.0,
Co2TiB,full,mp-1193707,25,1.0,
Co2TiB,full,mp-1208329,25,1.0,
Co2VAl,full,mp-4955,26,2.0,
Co2VAl,full,mp-1228974,26,2.0,
Co2VSi,full,mp-20586,27,3.0,
Co2VSi,full,mp-21371,27,3.0,
Co2VSi,full,mp-1216425,27,3.0,
Co2VGe,full,mp-865465,27,2.998,
Co2VGe,full,mp-1103555,27,2.998,
Co2VGa,full,mp-22790,26,2.01,
Co2VSn,full,mp-21469,27,3.0,
Co2VSn,full,mp-1018119,27,3.0,
Co2VSb,full,mp-1216413,28,3.6913,
Co2VSb,full,mp-4076,28,3.6913,
Co2VAs,full,mp-1207799,28,4.01,
Co2VP,full,mp-1101982,28,0.0001,
Co2MnAl,full,mp-13079,28,4.01,
Co2MnAl,full,mp-3623,28,4.01,
Co2MnAl,full,mp-1221642,28,4.01,
Co2MnSi,full,mp-961696,29,5.0,
Co2MnSi,full,mp-10365,29,5.0,
Co2MnSi,full,mp-13082,29,5.0,
Co2MnGe,full,mp-22289,29,5.0,
Co2MnGe,full,mp-19850,29,5.0,
Co2MnGe,full,mp-20565,29,5.0,
Co2MnGa,full,mp-21171,28,4.02,
Co2MnGa,full,mp-20160,28,4.02,
Co2MnGa,full,mp-623453,28,4.02,
Co2MnSn,full,mp-20840,29,5.01,
Co2MnSn,full,mp-22465,29,5.01,
Co2MnSn,full,mp-1206556,29,5.01,
Co2MnIn,full,mp-22276,28,4.46,
Co2MnSb,full,mp-570203,30,6.0,
Co2MnSb,full,mp-5396,30,6.0,
Co2MnSb,full,mp-13085,30,6.0,
Co2MnAs,full,mp-1102618,30,6.0,
Co2MnAs,full,mp-1017515,30,6.0,
Co2MnAs,full,mp-1221723,30,6.0,
Co2MnP,full,mp-1221741,30,6.0,
Co2MnP,full,mp-1221679,30,6.0,
Co2MnP,full,mp-20249,30,6.0,
Co2MnB,full,mp-1221661,28,4.02,
Co2MnB,full,mp-1221680,28,4.02,
Co2MnB,full,mp-1193450,28,4.02,
Co2ScAl,full,mp-862602,24,0.03,
Co2ScAl,full,mp-1219393,24,0.03,
Co2ScAl,full,mp-1209089,24,0.03,
Co2ScSi,full,mp-1024998,25,1.0,
Co2ScSi,full,mp-1103034,25,1.0,
Co2ScSi,full,mp-4131,25,1.0,
Co2ScGe,full,mp-21739,25,2.57,
Co2ScGe,full,mp-1095261,25,2.57,
Co2ScGe,full,mp-1208943,25,2.57,
Co2ScGa,full,mp-1025242,24,0.0001,
Co2ScGa,full,mp-1219518,24,0.0001,
Co2ScGa,full,mp-867915,24,0.0001,
Co2ScSn,full,mp-3791,25,1.05,
Co2ScSn,full,mp-1102101,25,1.05,
Co2ScSn,full,mp-1203372,25,1.05,
Co2ScIn,full,mp-1097281,24,0.0,
Co2ScIn,full,mp-1190710,24,0.0,
Co2ScIn,full,mp-1209292,24,0.0,
Co2ScSb,full,mp-1219380,26,2.01,
Co2ScP,full,mp-1195823,26,2.0,
Co2ScP,full,mp-1103160,26,2.0,
Co2ScP,full,mp-1191428,26,2.0,
Co2TaAl,full,mp-3340,26,2.0,
Co2TaAl,full,mp-1218035,26,2.0,
Co2TaSi,full,mp-1218046,27,3.0,
Co2TaSi,full,mp-1102650,27,3.0,
Co2TaSi,full,mp-1217775,27,3.0,
Co2TaGe,full,mp-1095502,27,3.0,
Co2TaGe,full,mp-1217780,27,3.0,
Co2TaGe,full,mp-672652,27,3.0,
Co2TaGa,full,mp-30555,26,2.0,
Co2TaGa,full,mp-1218121,26,2.0,
Co2NbAl,full,mp-5149,26,1.99,
Co2NbAl,full,mp-1220480,26,1.99,
Co2NbAl,full,mp-1220492,26,1.99,
Co2NbGa,full,mp-4364,26,2.0,
Co2NbGa,full,mp-1220716,26,2.0,
Co2NbSn,full,mp-1094088,27,1.98,
Co2NbSn,full,mp-4583,27,1.98,
Co2NbSn,full,mp-1220370,27,1.98,
Co2NbIn,full,mp-1097412,26,2.0,
Co2ZrAl,full,mp-1215357,25,0.99,
Co2ZrAl,full,mp-1215333,25,0.99,
Co2ZrAl,full,mp-3909,25,0.99,
Co2ZrSi,full,mp-1102565,26,2.0,
Co2ZrSi,full,mp-569344,26,2.0,
Co2ZrSi,full,mp-1198615,26,2.0,
Co2ZrGe,full,mp-1103148,26,2.0,
Co2ZrGe,full,mp-10359,26,2.0,
Co2ZrGe,full,mp-18135,26,2.0,
Co2ZrGa,full,mp-1215780,25,1.0,
Co2ZrGa,full,mp-1079246,25,1.0,
Co2ZrGa,full,mp-1188052,25,1.0,
Co2ZrSn,full,mp-30563,26,2.0,
Co2ZrSn,full,mp-22503,26,2.0,
Co2ZrSn,full,mp-1206072,26,2.0,
Fe2ScAl,full,mp-1219358,22,1.92,
Fe2ScAl,full,mp-3701,22,1.92,
Fe2ScAl,full,mp-1219472,22,1.92,
Fe2ScSi,full,mp-1199097,23,0.933,
Fe2ScSi,full,mp-22701,23,0.933,
Fe2ScSi,full,mp-30076,23,0.933,
Fe2ScGe,full,mp-9549,23,0.9044,
Fe2ScGe,full,mp-1201682,23,0.9044,
Fe2ScGe,full,mp-19739,23,0.9044,
Fe2ScGa,full,mp-11438,22,1.91,
Fe2ScGa,full,mp-1025241,22,1.91,
Fe2ScGa,full,mp-30701,22,1.91,
Fe2ScSn,full,mp-1103938,23,0.8989,
Fe2ScSb,full,mp-11201,24,0.0002,
Fe2ScP,full,mp-510133,24,0.0,
Fe2TiAl,full,mp-1217171,23,0.9442,
Fe2TiAl,full,mp-31187,23,0.9442,
Fe2TiAl,full,mp-1217020,23,0.9442,
Fe2TiGa,full,mp-636320,23,0.9086,
Fe2TiGa,full,mp-999059,23,0.9086,
Fe2TiIn,full,mp-998965,23,0.9466,
Fe2TiIn,full,mp-1018070,23,0.9466,
Fe2TiSi,full,mp-21662,24,0.0,
Fe2TiSi,full,mp-866141,24,0.0,
Fe2TiSi,full,mp-8648,24,0.0,
Fe2TiGe,full,mp-866375,24,0.0,
Fe2TiGe,full,mp-1208403,24,0.0,
Fe2TiGe,full,mp-1199430,24,0.0,
Fe2TiSn,full,mp-19963,24,0.0007,
Fe2TiSn,full,mp-22589,24,0.0007,
Fe2TiSn,full,mp-1208517,24,0.0007,
Fe2TiP,full,mp-1101870,25,1.0,
Fe2TiP,full,mp-1080486,25,1.0,
Fe2TiP,full,mp-1217193,25,1.0,
Fe2TiAs,full,mp-999002,25,1.0,
Fe2TiAs,full,mp-1095148,25,1.0,
Fe2TiSb,full,mp-998970,25,1.0022,
Fe2TiSb,full,mp-10755,25,1.0022,
Fe2TiSb,full,mp-30326,25,1.0022,
Fe2VAl,full,mp-1228827,24,0.0,
Fe2VAl,full,mp-1228804,24,0.0,
Fe2VAl,full,mp-1228816,24,0.0,
Fe2VGa,full,mp-21883,24,0.0,
Fe2VGa,full,mp-1216782,24,0.0,
Fe2VGa,full,mp-1216513,24,0.0,
Fe2VSi,full,mp-1216327,25,0.8056,
Fe2VSi,full,mp-4595,25,0.8056,
Fe2VSi,full,mp-1216581,25,0.8056,
Fe2VGe,full,mp-1216977,25,0.8652,
Fe2VSn,full,mp-636359,25,0.882,
Fe2VSn,full,mp-1216897,25,0.882,
Fe2VP,full,mp-1103605,26,0.0,
Fe2VAs,full,mp-1095040,26,0.0,
Fe2VAs,full,mp-1216338,26,0.0,
Fe2VSb,full,mp-567636,26,1.8343,
Fe2VSb,full,mp-1077808,26,1.8343,
Fe2VSb,full,mp-1071423,26,1.8343,
Fe2CrAl,full,mp-1228906,25,0.9978,
Fe2CrAl,full,mp-1096119,25,0.9978,
Fe2CrAl,full,mp-1228937,25,0.9978,
Fe2CrGa,full,mp-30570,25,1.0013,
Fe2CrGa,full,mp-1226220,25,1.0013,
Fe2CrGa,full,mp-1227222,25,1.0013,
Fe2CrSi,full,mp-1226256,26,2.0,
Fe2CrSi,full,mp-1226343,26,2.0,
Fe2CrSi,full,mp-1018068,26,2.0,
Fe2CrGe,full,mp-1226385,26,2.0,
Fe2CrSn,full,mp-1008226,26,2.0011,
Fe2CrP,full,mp-1226245,27,1.0625,
Fe2CrP,full,mp-21495,27,1.0625,
Fe2CrAs,full,mp-1206083,27,0.1825,
Fe2CrAs,full,mp-1226258,27,0.1825,
Fe2CrAs,full,mp-1226210,27,0.1825,
Fe2CrSb,full,mp-1008225,27,3.0,
Fe2CrSb,full,mp-1226216,27,3.0,
Fe2CrSb,full,mp-1226271,27,3.0,
Fe2MnAl,full,mp-1221620,26,0.0001,
Fe2MnAl,full,mp-31185,26,0.0001,
Fe2MnAl,full,mp-1093629,26,0.0001,
Fe2MnGa,full,mp-1097314,26,2.0329,
Fe2MnGa,full,mp-1065753,26,2.0329,
Fe2MnGa,full,mp-1018046,26,2.0329,
Fe2MnIn,full,mp-1221611,26,0.2034,
Fe2MnIn,full,mp-1206457,26,0.2034,
Fe2MnSi,full,mp-5529,27,3.0,
Fe2MnSi,full,mp-1221761,27,3.0,
Fe2MnSi,full,mp-1221619,27,3.0,
Fe2MnGe,full,mp-1018071,27,3.0081,
Fe2MnGe,full,mp-1093841,27,3.0081,
Fe2MnGe,full,mp-1206829,27,3.0081,
Fe2MnSn,full,mp-1221751,27,5.597,
Fe2MnP,full,mp-1221749,28,4.0,
Fe2MnP,full,mp-1101988,28,4.0,
Fe2MnP,full,mp-1221626,28,4.0,
Fe2MnAs,full,mp-4238,28,4.006,
Fe2MnAs,full,mp-505803,28,4.006,
Fe2MnAs,full,mp-1221780,28,4.006,
Fe2MnSb,full,mp-1221870,28,4.0661,
Fe2NiAl,full,mp-31186,29,4.5692,
Fe2NiAl,full,mp-1228910,29,4.5692,
Fe2NiAl,full,mp-867330,29,4.5692,
Fe2NiGa,full,mp-622990,29,4.7697,
Fe2NiGa,full,mp-1065359,29,4.7697,
Fe2NiGa,full,mp-1018074,29,4.7697,
Fe2NiIn,full,mp-1223864,29,5.1293,
Fe2NiIn,full,mp-1206345,29,5.1293,
Fe2NiIn,full,mp-1206342,29,5.1293,
Fe2NiSi,full,mp-1207121,30,4.6756,
Fe2NiSi,full,mp-1212682,30,4.6756,
Fe2NiSi,full,mp-1103705,30,4.6756,
Fe2NiGe,full,mp-1206550,30,4.8274,
Fe2NiGe,full,mp-1024972,30,4.8274,
Fe2NiGe,full,mp-1225094,30,4.8274,
Fe2NiSn,full,mp-1207152,30,4.9502,
Fe2NiSn,full,mp-1025011,30,4.9502,
Fe2NiSn,full,mp-1224846,30,4.9502,
Fe2NiP,full,mp-1080653,31,3.0197,
Fe2NiP,full,mp-571370,31,3.0197,
Fe2NiP,full,mp-1224771,31,3.0197,
Fe2NiAs,full,mp-1080824,31,5.5457,
Fe2NiAs,full,mp-1224728,31,5.5457,
Fe2NiAs,full,mp-1224951,31,5.5457,
Fe2NiSb,full,mp-1224810,31,5.3721,
Fe2NiSb,full,mp-1224908,31,5.3721,
Fe2NiSb,full,mp-1224765,31,5.3721,
Ni2ScAl,full,mp-12781,26,0.0,
Ni2ScAl,full,mp-10898,26,0.0,
Ni2ScAl,full,mp-1219369,26,0.0,
Ni2ScGa,full,mp-1219310,26,0.0,
Ni2ScGa,full,mp-11400,26,0.0,
Ni2ScGa,full,mp-11401,26,0.0,
Ni2ScIn,full,mp-21301,26,0.0,
Ni2ScIn,full,mp-1207011,26,0.0,
Ni2ScIn,full,mp-13416,26,0.0,
Ni2ScSi,full,mp-15605,27,0.0,
Ni2ScSi,full,mp-3129,27,0.0,
Ni2ScSi,full,mp-3587,27,0.0,
Ni2ScGe,full,mp-29802,27,0.0,
Ni2ScGe,full,mp-7066,27,0.0,
Ni2ScGe,full,mp-22490,27,0.0,
Ni2ScSn,full,mp-11808,27,0.0,
Ni2ScSn,full,mp-5186,27,0.0,
Ni2ScSn,full,mp-1078355,27,0.0,
Ni2ScP,full,mp-10240,28,0.0,
Ni2ScP,full,mp-961675,28,0.0,
Ni2ScP,full,mp-3084,28,0.0,
Ni2ScAs,full,mp-1104526,28,0.0,
Ni2ScSb,full,mp-3432,28,0.0,
Ni2TiAl,full,mp-1018016,27,0.0,
Ni2TiAl,full,mp-1187453,27,0.0,
Ni2TiAl,full,mp-1217197,27,0.0,
Ni2TiGa,full,mp-1216876,27,0.0,
Ni2TiGa,full,mp-30656,27,0.0,
Ni2TiGa,full,mp-30657,27,0.0,
Ni2TiIn,full,mp-20339,27,0.0,
Ni2TiIn,full,mp-1216917,27,0.0,
Ni2TiIn,full,mp-999076,27,0.0,
Ni2TiSi,full,mp-510409,28,0.0,
Ni2TiSi,full,mp-1208276,28,0.0,
Ni2TiSi,full,mp-18583,28,0.0,
Ni2TiGe,full,mp-16356,28,0.0,
Ni2TiGe,full,mp-961694,28,0.0,
Ni2TiGe,full,mp-1193680,28,0.0,
Ni2TiSn,full,mp-3740,28,0.0,
Ni2TiSn,full,mp-623646,28,0.0,
Ni2TiSn,full,mp-924130,28,0.0,
Ni2TiP,full,mp-1102188,29,0.0,
Ni2TiP,full,mp-505081,29,0.0,
Ni2TiAs,full,mp-1102086,29,0.0,
Ni2TiSb,full,mp-10261,29,0.0,
Ni2TiSb,full,mp-20952,29,0.0,
Ni2TiSb,full,mp-581712,29,0.0,
Ni2VAl,full,mp-1228840,28,0.0,
Ni2VAl,full,mp-10899,28,0.0,
Ni2VAl,full,mp-961650,28,0.0,
Ni2VGa,full,mp-30658,28,0.0,
Ni2VGa,full,mp-961690,28,0.0,
Ni2VGa,full,mp-1216351,28,0.0,
Ni2VSi,full,mp-1095532,29,0.2666,
Ni2VSi,full,mp-1216307,29,0.2666,
Ni2VSi,full,mp-504625,29,0.2666,
Ni2VGe,full,mp-1095536,29,0.9729,
Ni2VSn,full,mp-20864,29,0.8256,
Ni2VP,full,mp-1216521,30,0.0001,
Ni2VP,full,mp-1103470,30,0.0001,
Ni2VP,full,mp-1216512,30,0.0001,
Ni2VAs,full,mp-1101976,30,1.1153,
Ni2VSb,full,mp-1067900,30,1.7254,
Ni2VSb,full,mp-505599,30,1.7254,
Ni2VSb,full,mp-1216549,30,1.7254,
Ni2CrAl,full,mp-1228914,29,3.2235,
Ni2CrAl,full,mp-10885,29,3.2235,
Ni2CrAl,full,mp-1228985,29,3.2235,
Ni2CrIn,full,mp-1007991,29,3.5757,
Ni2CrSi,full,mp-1103085,30,2.785,
Ni2CrSi,full,mp-505629,30,2.785,
Ni2CrSi,full,mp-541940,30,2.785,
Ni2CrSn,full,mp-1226408,30,3.4658,
Ni2CrSn,full,mp-1226062,30,3.4658,
Ni2CrP,full,mp-1079966,31,2.7689,
Ni2CrP,full,mp-1101790,31,2.7689,
Ni2CrP,full,mp-1226323,31,2.7689,
Ni2CrAs,full,mp-4989,31,3.0505,
Ni2CrAs,full,mp-1226031,31,3.0505,
Ni2CrSb,full,mp-1018161,31,3.4429,
Ni2CrSb,full,mp-1226212,31,3.4429,
Ni2CrSb,full,mp-1226332,31,3.4429,
Ni2MnAl,full,mp-1221740,30,4.0646,
Ni2MnAl,full,mp-4922,30,4.0646,
Ni2MnAl,full,mp-1221656,30,4.0646,
Ni2MnGa,full,mp-604537,30,4.0599,
Ni2MnGa,full,mp-1206407,30,4.0599,
Ni2MnGa,full,mp-1222026,30,4.0599,
Ni2MnIn,full,mp-22731,30,4.2086,
Ni2MnSi,full,mp-567353,31,3.8367,
Ni2MnSi,full,mp-1210618,31,3.8367,
Ni2MnSi,full,mp-20949,31,3.8367,
Ni2MnGe,full,mp-22029,31,3.9532,
Ni2MnGe,full,mp-583202,31,3.9532,
Ni2MnGe,full,mp-21090,31,3.9532,
Ni2MnSn,full,mp-1221827,31,4.079,
Ni2MnSn,full,mp-1221821,31,4.079,
Ni2MnSn,full,mp-1221903,31,4.079,
Ni2MnP,full,mp-1063388,32,4.0858,
Ni2MnP,full,mp-1221804,32,4.0858,
Ni2MnP,full,mp-1102690,32,4.0858,
Ni2MnAs,full,mp-1103634,32,4.1546,
Ni2MnAs,full,mp-1079845,32,4.1546,
Ni2MnAs,full,mp-510613,32,4.1546,
Ni2MnSb,full,mp-22541,32,3.9848,
Ni2MnSb,full,mp-5124,32,3.9848,
Ni2MnSb,full,mp-1206364,32,3.9848,
Rh2TiAl,full,mp-866153,25,0.0,
Rh2TiAl,full,mp-1194450,25,0.0,
Rh2TiAl,full,mp-1217136,25,0.0,
Rh2TiGa,full,mp-567679,25,0.0,
Rh2TiGa,full,mp-866157,25,0.0,
Rh2TiGa,full,mp-1193834,25,0.0,
Rh2TiIn,full,mp-866170,25,0.0,
Rh2TiIn,full,mp-11073,25,0.0,
Rh2TiSi,full,mp-672645,26,0.0,
Rh2TiGe,full,mp-1208205,26,0.0,
Rh2TiGe,full,mp-1093752,26,0.0,
Rh2TiGe,full,mp-1187497,26,0.0,
Rh2TiSn,full,mp-1206684,26,0.0022,
Rh2TiSn,full,mp-1216641,26,0.0022,
Rh2TiSn,full,mp-865707,26,0.0022,
Rh2TiAs,full,mp-961718,27,0.0,
Rh2TiAs,full,mp-505540,27,0.0,
Rh2TiSb,full,mp-1206908,27,0.0,
Rh2TiSb,full,mp-16687,27,0.0,
Rh2VSi,full,mp-1100414,27,1.1145,
Rh2VGe,full,mp-1100423,27,1.1332,
Rh2VSn,full,mp-1100421,27,1.2745,
Rh2VSn,full,mp-1178762,27,1.2745,
Rh2VSn,full,mp-669918,27,1.2745,
Rh2VAs,full,mp-20395,28,1.2197,
Rh2VSb,full,mp-1100417,28,0.0,
Rh2CrGa,full,mp-1093844,27,3.0382,
Rh2CrGa,full,mp-1183690,27,3.0382,
Rh2CrGe,full,mp-961725,28,2.256,
Rh2CrSn,full,mp-1018066,28,2.7325,
Rh2CrSn,full,mp-1093756,28,2.7325,
Rh2CrSn,full,mp-1183708,28,2.7325,
Rh2CrAs,full,mp-15683,29,2.5823,
Rh2MnAl,full,mp-1221702,28,4.0755,
Rh2MnAl,full,mp-10894,28,4.0755,
Rh2MnGa,full,mp-1221872,28,4.1263,
Rh2MnGa,full,mp-1221629,28,4.1263,
Rh2MnGa,full,mp-864949,28,4.1263,
Rh2MnIn,full,mp-1221572,28,4.3626,
Rh2MnIn,full,mp-864968,28,4.3626,
Rh2MnSi,full,mp-1014005,29,4.6918,
Rh2MnSi,full,mp-22565,29,4.6918,
Rh2MnSi,full,mp-865015,29,4.6918,
Rh2MnGe,full,mp-18649,29,4.3881,
Rh2MnGe,full,mp-1079184,29,4.3881,
Rh2MnGe,full,mp-4664,29,4.3881,
Rh2MnSn,full,mp-4990,29,4.7673,
Rh2MnP,full,mp-1079405,30,4.0753,
Rh2MnAs,full,mp-567856,30,4.2482,
Rh2MnAs,full,mp-1180259,30,4.2482,
Rh2MnAs,full,mp-20207,30,4.2482,
Rh2MnSb,full,mp-568891,30,4.7785,
Rh2MnSb,full,mp-4846,30,4.7785,
Rh2MnSb,full,mp-568983,30,4.7785,
Rh2FeAl,full,mp-1096451,29,4.2859,
Rh2FeAl,full,mp-1261855,29,4.2859,
Rh2FeAl,full,mp-1183147,29,4.2859,
Rh2FeGa,full,mp-865170,29,4.2503,
Rh2FeIn,full,mp-1184829,29,4.2259,
Rh2FeIn,full,mp-1096551,29,4.2259,
Rh2FeSn,full,mp-1097141,30,3.9303,
Rh2FeSn,full,mp-1018062,30,3.9303,
Rh2FeSn,full,mp-1184221,30,3.9303,
Rh2FeP,full,mp-1224852,31,3.4132,
Rh2FeAs,full,mp-1225105,31,3.6887,
Rh2FeAs,full,mp-1225012,31,3.6887,
Rh2FeSb,full,mp-1206853,31,3.3922,
Rh2CoAl,full,mp-1095887,30,3.0222,
Rh2CoGa,full,mp-1096441,30,2.9963,
Rh2CoGa,full,mp-1097340,30,2.9963,
Rh2CoSn,full,mp-1018085,31,2.1901,
Rh2CoAs,full,mp-22546,32,2.1318,
Rh2CoSb,full,mp-1206379,32,2.0536,
Rh2NiAl,full,mp-1096379,31,1.8182,
Rh2NiGa,full,mp-866037,31,1.8169,
Rh2NiGe,full,mp-1097160,32,1.0053,
Rh2NiSn,full,mp-11519,32,1.0021,
Rh2NiP,full,mp-1018823,33,0.5346,
Rh2NiP,full,mp-1079265,33,0.5346,
Rh2NiAs,full,mp-19768,33,0.5882,
Rh2NiAs,full,mp-1220148,33,0.5882,
Cr2ScSi,full,mp-17334,19,4.937,
Cr2ScGe,full,mp-1197663,19,4.9294,
Cr2ScGe,full,mp-1103749,19,4.9294,
Cr2ScGe,full,mp-1219675,19,4.9294,
Cr2TiAl,full,mp-1217088,19,4.4399,
Cr2TiAl,full,mp-1217087,19,4.4399,
Cr2TiAl,full,mp-999096,19,4.4399,
Cr2TiSi,full,mp-1216927,20,3.0466,
Cr2TiSi,full,mp-1217112,20,3.0466,
Cr2TiSi,full,mp-1217270,20,3.0466,
Cr2TiGe,full,mp-1192266,20,3.318,
Cr2TiGe,full,mp-1217423,20,3.318,
Cr2TiP,full,mp-1216841,21,2.5318,
Cr2TiP,full,mp-11580,21,2.5318,
Cr2TiP,full,mp-1217080,21,2.5318,
Cr2TiAs,full,mp-1079641,21,2.9461,
Cr2TiAs,full,mp-1216963,21,2.9461,
Cr2TiSb,full,mp-1217253,21,2.9913,
CoTiP,half,mp-1102138,18,0.0,
CoTiP,half,mp-867373,18,0.0,
CoTiAs,half,mp-961700,18,0.0,
CoTiSb,half,mp-5967,18,0.0,
CoTiSb,half,mp-1208246,18,0.0,
CoTiSb,half,mp-1208267,18,0.0,
CoVAl,half,mp-4955,17,0.6878,
CoVAl,half,mp-1228974,17,0.6878,
CoVGa,half,mp-22790,17,0.8593,
CoVSi,half,mp-20586,18,0.0,
CoVSi,half,mp-21371,18,0.0,
CoVSi,half,mp-1216425,18,0.0,
CoVGe,half,mp-865465,18,0.0,
CoVGe,half,mp-1103555,18,0.0,
CoVSn,half,mp-21469,18,0.0,
CoVSn,half,mp-1018119,18,0.0,
CoVP,half,mp-1101982,19,0.9949,
CoVAs,half,mp-1207799,19,1.0,
CoVSb,half,mp-1216413,19,1.0,
CoVSb,half,mp-4076,19,1.0,
CoCrAl,half,mp-10883,18,0.0,
CoCrGa,half,mp-567981,18,0.0,
CoCrIn,half,mp-16735,18,0.0,
CoCrSi,half,mp-1095673,19,1.0,
CoCrSi,half,mp-1008224,19,1.0,
CoCrSi,half,mp-1226249,19,1.0,
CoCrGe,half,mp-1183740,19,1.0,
CoCrGe,half,mp-10394,19,1.0,
CoCrP,half,mp-1102834,20,2.0,
CoCrP,half,mp-1226398,20,2.0,
CoCrAs,half,mp-1206397,20,2.0,
CoCrAs,half,mp-1008277,20,2.0,
CoCrSb,half,mp-1018082,20,2.0,
CoMnAl,half,mp-13079,19,1.0396,
CoMnAl,half,mp-3623,19,1.0396,
CoMnAl,half,mp-1221642,19,1.0396,
CoMnGa,half,mp-21171,19,1.0028,
CoMnGa,half,mp-20160,19,1.0028,
CoMnGa,half,mp-623453,19,1.0028,
CoMnIn,half,mp-22276,19,4.3243,
CoMnSi,half,mp-961696,20,2.0,
CoMnSi,half,mp-10365,20,2.0,
CoMnSi,half,mp-13082,20,2.0,
CoMnGe,half,mp-22289,20,2.0,
CoMnGe,half,mp-19850,20,2.0,
CoMnGe,half,mp-20565,20,2.0,
CoMnSn,half,mp-20840,20,2.9147,
CoMnSn,half,mp-22465,20,2.9147,
CoMnSn,half,mp-1206556,20,2.9147,
CoMnP,half,mp-1221741,21,3.0,
CoMnP,half,mp-1221679,21,3.0,
CoMnP,half,mp-20249,21,3.0,
CoMnAs,half,mp-1102618,21,3.0,
CoMnAs,half,mp-1017515,21,3.0,
CoMnAs,half,mp-1221723,21,3.0,
CoMnSb,half,mp-570203,21,3.0,
CoMnSb,half,mp-5396,21,3.0,
CoMnSb,half,mp-13085,21,3.0,
CoFeAl,half,mp-10884,20,2.6218,
CoFeAl,half,mp-862691,20,2.6218,
CoFeAl,half,mp-1228905,20,2.6218,
CoFeGa,half,mp-636212,20,2.679,
CoFeGa,half,mp-1224895,20,2.679,
CoFeGa,half,mp-30551,20,2.679,
CoFeIn,half,mp-21211,20,3.3909,
CoFeSi,half,mp-1207117,21,2.9966,
CoFeSi,half,mp-1224983,21,2.9966,
CoFeSi,half,mp-1102660,21,2.9966,
CoFeGe,half,mp-1025047,21,3.0,
CoFeGe,half,mp-22300,21,3.0,
CoFeGe,half,mp-30044,21,3.0,
CoFeSn,half,mp-1225025,21,3.0,
CoFeSn,half,mp-1025124,21,3.0,
CoFeSn,half,mp-1206855,21,3.0,
CoFeP,half,mp-1095664,22,3.8481,
CoFeAs,half,mp-675526,22,3.9795,
CoFeAs,half,mp-1224972,22,3.9795,
CoFeSb,half,mp-1224950,22,3.9793,
CoNiAl,half,mp-1228972,22,1.0288,
CoNiAl,half,mp-1214804,22,1.0288,
CoNiAl,half,mp-1214822,22,1.0288,
CoNiGa,half,mp-1224797,22,1.1276,
CoNiGa,half,mp-20551,22,1.1276,
CoNiGa,half,mp-1007821,22,1.1276,
CoNiSi,half,mp-1226006,23,0.0,
CoNiSi,half,mp-1102115,23,0.0,
CoNiSi,half,mp-1226011,23,0.0,
CoNiGe,half,mp-1226021,23,0.0,
CoNiGe,half,mp-1226015,23,0.0,
CoNiSn,half,mp-1226203,23,0.0,
CoNiSn,half,mp-20237,23,0.0,
CoNiP,half,mp-1206541,24,0.2689,
CoNiP,half,mp-1226111,24,0.2689,
CoNiP,half,mp-1226037,24,0.2689,
CoNiAs,half,mp-1079542,24,0.4672,
CoNiAs,half,mp-1226009,24,0.4672,
CoNiAs,half,mp-1226018,24,0.4672,
CoNiSb,half,mp-1226172,24,0.395,
CoNiSb,half,mp-1025009,24,0.395,
CoNiSb,half,mp-1226120,24,0.395,
FeTiAl,half,mp-1217171,15,0.373,
FeTiAl,half,mp-31187,15,0.373,
FeTiAl,half,mp-1217020,15,0.373,
FeTiGa,half,mp-636320,15,0.0065,
FeTiGa,half,mp-999059,15,0.0065,
FeTiSi,half,mp-21662,16,1.0161,
FeTiSi,half,mp-866141,16,1.0161,
FeTiSi,half,mp-8648,16,1.0161,
FeTiGe,half,mp-866375,16,1.4445,
FeTiGe,half,mp-1208403,16,1.4445,
FeTiGe,half,mp-1199430,16,1.4445,
FeTiSn,half,mp-19963,16,1.5985,
FeTiSn,half,mp-22589,16,1.5985,
FeTiSn,half,mp-1208517,16,1.5985,
FeTiP,half,mp-1101870,17,0.8837,
FeTiP,half,mp-1080486,17,0.8837,
FeTiP,half,mp-1217193,17,0.8837,
FeTiAs,half,mp-999002,17,0.9896,
FeTiAs,half,mp-1095148,17,0.9896,
FeTiSb,half,mp-998970,17,0.955,
FeTiSb,half,mp-10755,17,0.955,
FeTiSb,half,mp-30326,17,0.955,
FeVAl,half,mp-1228827,16,0.8768,
FeVAl,half,mp-1228804,16,0.8768,
FeVAl,half,mp-1228816,16,0.8768,
FeVGa,half,mp-21883,16,0.6117,
FeVGa,half,mp-1216782,16,0.6117,
FeVGa,half,mp-1216513,16,0.6117,
FeVSi,half,mp-1216327,17,0.745,
FeVSi,half,mp-4595,17,0.745,
FeVSi,half,mp-1216581,17,0.745,
FeVGe,half,mp-1216977,17,1.0,
FeVSn,half,mp-636359,17,0.9593,
FeVSn,half,mp-1216897,17,0.9593,
FeVP,half,mp-1103605,18,0.0,
FeVAs,half,mp-1095040,18,0.0,
FeVAs,half,mp-1216338,18,0.0,
FeVSb,half,mp-567636,18,0.0,
FeVSb,half,mp-1077808,18,0.0,
FeVSb,half,mp-1071423,18,0.0,
FeCrAl,half,mp-1228906,17,0.6708,
FeCrAl,half,mp-1096119,17,0.6708,
FeCrAl,half,mp-1228937,17,0.6708,
FeCrGa,half,mp-30570,17,0.8115,
FeCrGa,half,mp-1226220,17,0.8115,
FeCrGa,half,mp-1227222,17,0.8115,
FeCrSi,half,mp-1226256,18,0.0,
FeCrSi,half,mp-1226343,18,0.0,
FeCrSi,half,mp-1018068,18,0.0,
FeCrGe,half,mp-1226385,18,0.0,
FeCrSn,half,mp-1008226,18,0.0,
FeCrP,half,mp-1226245,19,0.9732,
FeCrP,half,mp-21495,19,0.9732,
FeCrAs,half,mp-1206083,19,1.0,
FeCrAs,half,mp-1226258,19,1.0,
FeCrAs,half,mp-1226210,19,1.0,
FeCrSb,half,mp-1008225,19,1.0001,
FeCrSb,half,mp-1226216,19,1.0001,
FeCrSb,half,mp-1226271,19,1.0001,
FeMnAl,half,mp-1221620,18,0.0,
FeMnAl,half,mp-31185,18,0.0,
FeMnAl,half,mp-1093629,18,0.0,
FeMnGa,half,mp-1097314,18,0.0115,
FeMnGa,half,mp-1065753,18,0.0115,
FeMnGa,half,mp-1018046,18,0.0115,
FeMnIn,half,mp-1221611,18,0.5455,
FeMnIn,half,mp-1206457,18,0.5455,
FeMnSi,half,mp-5529,19,0.9718,
FeMnSi,half,mp-1221761,19,0.9718,
FeMnSi,half,mp-1221619,19,0.9718,
FeMnGe,half,mp-1018071,19,1.0,
FeMnGe,half,mp-1093841,19,1.0,
FeMnGe,half,mp-1206829,19,1.0,
FeMnSn,half,mp-1221751,19,1.0,
FeMnP,half,mp-1221749,20,2.0,
FeMnP,half,mp-1101988,20,2.0,
FeMnP,half,mp-1221626,20,2.0,
FeMnAs,half,mp-4238,20,2.0,
FeMnAs,half,mp-505803,20,2.0,
FeMnAs,half,mp-1221780,20,2.0,
FeMnSb,half,mp-1221870,20,2.0,
FeNiAl,half,mp-31186,21,2.7029,
FeNiAl,half,mp-1228910,21,2.7029,
FeNiAl,half,mp-867330,21,2.7029,
FeNiGa,half,mp-622990,21,2.7949,
FeNiGa,half,mp-1065359,21,2.7949,
FeNiGa,half,mp-1018074,21,2.7949,
FeNiIn,half,mp-1223864,21,2.9071,
FeNiIn,half,mp-1206345,21,2.9071,
FeNiIn,half,mp-1206342,21,2.9071,
FeNiSi,half,mp-1207121,22,1.9655,
FeNiSi,half,mp-1212682,22,1.9655,
FeNiSi,half,mp-1103705,22,1.9655,
FeNiGe,half,mp-1206550,22,2.4891,
FeNiGe,half,mp-1024972,22,2.4891,
FeNiGe,half,mp-1225094,22,2.4891,
FeNiSn,half,mp-1207152,22,2.7495,
FeNiSn,half,mp-1025011,22,2.7495,
FeNiSn,half,mp-1224846,22,2.7495,
FeNiP,half,mp-1080653,23,0.1164,
FeNiP,half,mp-571370,23,0.1164,
FeNiP,half,mp-1224771,23,0.1164,
FeNiAs,half,mp-1080824,23,2.2393,
FeNiAs,half,mp-1224728,23,2.2393,
FeNiAs,half,mp-1224951,23,2.2393,
FeNiSb,half,mp-1224810,23,2.5198,
FeNiSb,half,mp-1224908,23,2.5198,
FeNiSb,half,mp-1224765,23,2.5198,
MnTiAl,half,mp-865531,14,0.1073,
MnTiAl,half,mp-999052,14,0.1073,
MnTiAl,half,mp-1216913,14,0.1073,
MnTiGa,half,mp-1097280,14,0.2477,
MnTiGa,half,mp-1064731,14,0.2477,
MnTiGa,half,mp-865780,14,0.2477,
MnTiSi,half,mp-1216867,15,0.0007,
MnTiSi,half,mp-865652,15,0.0007,
MnTiSi,half,mp-21606,15,0.0007,
MnTiGe,half,mp-1106030,15,0.3994,
MnTiGe,half,mp-866376,15,0.3994,
MnTiGe,half,mp-1018015,15,0.3994,
MnTiSn,half,mp-999083,15,2.8847,
MnTiSn,half,mp-1208400,15,2.8847,
MnTiSn,half,mp-1208338,15,2.8847,
MnTiP,half,mp-1206854,16,1.8155,
MnTiP,half,mp-16977,16,1.8155,
MnTiAs,half,mp-1205741,16,1.9946,
MnTiAs,half,mp-1079806,16,1.9946,
MnTiSb,half,mp-1216728,16,1.7332,
MnTiSb,half,mp-1208261,16,1.7332,
MnVAl,half,mp-1221624,15,0.3961,
MnVAl,half,mp-10895,15,0.3961,
MnVAl,half,mp-1221708,15,0.3961,
MnVGa,half,mp-21235,15,0.0724,
MnVGa,half,mp-1222000,15,0.0724,
MnVIn,half,mp-1206609,15,0.2734,
MnVSi,half,mp-865026,16,0.0,
MnVSi,half,mp-1221935,16,0.0,
MnVSi,half,mp-1180331,16,0.0,
MnVGe,half,mp-865554,16,0.7845,
MnVSn,half,mp-1206646,16,1.0984,
MnVP,half,mp-1221742,17,0.8574,
MnVP,half,mp-1221555,17,0.8574,
MnVAs,half,mp-20791,17,1.0,
MnVAs,half,mp-1221559,17,1.0,
MnVSb,half,mp-1221584,17,1.0,
MnCrAl,half,mp-1221714,16,0.6879,
MnCrAl,half,mp-864988,16,0.6879,
MnCrAl,half,mp-1221662,16,0.6879,
MnCrSi,half,mp-1097306,17,0.7368,
MnCrSi,half,mp-1221675,17,0.7368,
MnCrSi,half,mp-1185616,17,0.7368,
MnCrP,half,mp-1221731,18,0.0,
MnCrP,half,mp-1221673,18,0.0,
MnCrP,half,mp-1221876,18,0.0,
MnCrAs,half,mp-1221644,18,0.0,
MnCrAs,half,mp-1222085,18,0.0,
MnCrAs,half,mp-1221789,18,0.0,
MnCrSb,half,mp-1221652,18,0.014,
MnCrSb,half,mp-1221668,18,0.014,
MnFeAl,half,mp-1221620,18,0.0013,
MnFeAl,half,mp-31185,18,0.0013,
MnFeAl,half,mp-1093629,18,0.0013,
MnFeGa,half,mp-1097314,18,0.0067,
MnFeGa,half,mp-1065753,18,0.0067,
MnFeGa,half,mp-1018046,18,0.0067,
MnFeIn,half,mp-1221611,18,0.0,
MnFeIn,half,mp-1206457,18,0.0,
MnFeSi,half,mp-5529,19,0.0,
MnFeSi,half,mp-1221761,19,0.0,
MnFeSi,half,mp-1221619,19,0.0,
MnFeGe,half,mp-1018071,19,0.9789,
MnFeGe,half,mp-1093841,19,0.9789,
MnFeGe,half,mp-1206829,19,0.9789,
MnFeSn,half,mp-1221751,19,0.9666,
MnFeP,half,mp-1221749,20,1.9591,
MnFeP,half,mp-1101988,20,1.9591,
MnFeP,half,mp-1221626,20,1.9591,
MnFeAs,half,mp-4238,20,1.9986,
MnFeAs,half,mp-505803,20,1.9986,
MnFeAs,half,mp-1221780,20,1.9986,
MnFeSb,half,mp-1221870,20,3.4443,
MnNiAl,half,mp-1221740,20,3.0218,
MnNiAl,half,mp-4922,20,3.0218,
MnNiAl,half,mp-1221656,20,3.0218,
MnNiGa,half,mp-604537,20,3.2206,
MnNiGa,half,mp-1206407,20,3.2206,
MnNiGa,half,mp-1222026,20,3.2206,
MnNiIn,half,mp-22731,20,3.7194,
MnNiSi,half,mp-567353,21,2.6009,
MnNiSi,half,mp-1210618,21,2.6009,
MnNiSi,half,mp-20949,21,2.6009,
MnNiGe,half,mp-22029,21,2.7411,
MnNiGe,half,mp-583202,21,2.7411,
MnNiGe,half,mp-21090,21,2.7411,
MnNiSn,half,mp-1221827,21,3.3945,
MnNiSn,half,mp-1221821,21,3.3945,
MnNiSn,half,mp-1221903,21,3.3945,
MnNiP,half,mp-1063388,22,1.7592,
MnNiP,half,mp-1221804,22,1.7592,
MnNiP,half,mp-1102690,22,1.7592,
MnNiAs,half,mp-1103634,22,2.8991,
MnNiAs,half,mp-1079845,22,2.8991,
MnNiAs,half,mp-510613,22,2.8991,
MnNiSb,half,mp-22541,22,3.1341,
MnNiSb,half,mp-5124,22,3.1341,
MnNiSb,half,mp-1206364,22,3.1341,
CrTiSi,half,mp-1216927,14,4.0,
CrTiSi,half,mp-1217112,14,4.0,
CrTiSi,half,mp-1217270,14,4.0,
CrTiGe,half,mp-1192266,14,4.0,
CrTiGe,half,mp-1217423,14,4.0,
CrTiP,half,mp-1216841,15,2.5301,
CrTiP,half,mp-11580,15,2.5301,
CrTiP,half,mp-1217080,15,2.5301,
CrTiAs,half,mp-1079641,15,3.0,
CrTiAs,half,mp-1216963,15,3.0,
CrTiSb,half,mp-1217253,15,3.0,
CrVAl,half,mp-1096125,14,0.0511,
CrVSi,half,mp-1216378,15,0.5936,
CrVSi,half,mp-1216382,15,0.5936,
CrVSi,half,mp-1216563,15,0.5936,
CrVGe,half,mp-1216572,15,0.2213,
CrVP,half,mp-1216354,16,0.0,
CrVAs,half,mp-1216397,16,0.0,
CrVAs,half,mp-1216411,16,0.0,
CrMnAl,half,mp-1221714,16,0.4724,
CrMnAl,half,mp-864988,16,0.4724,
CrMnAl,half,mp-1221662,16,0.4724,
CrMnSi,half,mp-1097306,17,0.04,
CrMnSi,half,mp-1221675,17,0.04,
CrMnSi,half,mp-1185616,17,0.04,
CrMnP,half,mp-1221731,18,0.0016,
CrMnP,half,mp-1221673,18,0.0016,
CrMnP,half,mp-1221876,18,0.0016,
CrMnAs,half,mp-1221644,18,0.0,
CrMnAs,half,mp-1222085,18,0.0,
CrMnAs,half,mp-1221789,18,0.0,
CrMnSb,half,mp-1221652,18,0.1937,
CrMnSb,half,mp-1221668,18,0.1937,
CrFeAl,half,mp-1228906,17,0.6405,
CrFeAl,half,mp-1096119,17,0.6405,
CrFeAl,half,mp-1228937,17,0.6405,
CrFeGa,half,mp-30570,17,0.6888,
CrFeGa,half,mp-1226220,17,0.6888,
CrFeGa,half,mp-1227222,17,0.6888,
CrFeSi,half,mp-1226256,18,0.0504,
CrFeSi,half,mp-1226343,18,0.0504,
CrFeSi,half,mp-1018068,18,0.0504,
CrFeGe,half,mp-1226385,18,0.0,
CrFeSn,half,mp-1008226,18,0.0,
CrFeP,half,mp-1226245,19,0.8564,
CrFeP,half,mp-21495,19,0.8564,
CrFeAs,half,mp-1206083,19,0.7974,
CrFeAs,half,mp-1226258,19,0.7974,
CrFeAs,half,mp-1226210,19,0.7974,
CrFeSb,half,mp-1008225,19,0.5241,
CrFeSb,half,mp-1226216,19,0.5241,
CrFeSb,half,mp-1226271,19,0.5241,
CrNiAl,half,mp-1228914,19,3.0007,
CrNiAl,half,mp-10885,19,3.0007,
CrNiAl,half,mp-1228985,19,3.0007,
CrNiIn,half,mp-1007991,19,3.6663,
CrNiSi,half,mp-1103085,20,1.7846,
CrNiSi,half,mp-505629,20,1.7846,
CrNiSi,half,mp-541940,20,1.7846,
CrNiSn,half,mp-1226408,20,3.0109,
CrNiSn,half,mp-1226062,20,3.0109,
CrNiP,half,mp-1079966,21,1.9501,
CrNiP,half,mp-1101790,21,1.9501,
CrNiP,half,mp-1226323,21,1.9501,
CrNiAs,half,mp-4989,21,2.0371,
CrNiAs,half,mp-1226031,21,2.0371,
CrNiSb,half,mp-1018161,21,2.4288,
CrNiSb,half,mp-1226212,21,2.4288,
CrNiSb,half,mp-1226332,21,2.4288,
NiTiAl,half,mp-1018016,17,0.9839,
NiTiAl,half,mp-1187453,17,0.9839,
NiTiAl,half,mp-1217197,17,0.9839,
NiTiGa,half,mp-1216876,17,0.9969,
NiTiGa,half,mp-30656,17,0.9969,
NiTiGa,half,mp-30657,17,0.9969,
NiTiSi,half,mp-510409,18,0.0,
NiTiSi,half,mp-1208276,18,0.0,
NiTiSi,half,mp-18583,18,0.0,
NiTiGe,half,mp-16356,18,0.0,
NiTiGe,half,mp-961694,18,0.0,
NiTiGe,half,mp-1193680,18,0.0,
NiTiSn,half,mp-3740,18,0.0,
NiTiSn,half,mp-623646,18,0.0,
NiTiSn,half,mp-924130,18,0.0,
NiTiP,half,mp-1102188,19,0.0,
NiTiP,half,mp-505081,19,0.0,
NiTiAs,half,mp-1102086,19,0.0,
NiTiSb,half,mp-10261,19,0.0,
NiTiSb,half,mp-20952,19,0.0,
NiTiSb,half,mp-581712,19,0.0,
NiVAl,half,mp-1228840,18,0.0,
NiVAl,half,mp-10899,18,0.0,
NiVAl,half,mp-961650,18,0.0,
NiVGa,half,mp-30658,18,0.0,
NiVGa,half,mp-961690,18,0.0,
NiVGa,half,mp-1216351,18,0.0,
NiVSi,half,mp-1095532,19,0.9582,
NiVSi,half,mp-1216307,19,0.9582,
NiVSi,half,mp-504625,19,0.9582,
NiVGe,half,mp-1095536,19,0.9917,
NiVSn,half,mp-20864,19,1.0,
NiVP,half,mp-1216521,20,1.9054,
NiVP,half,mp-1103470,20,1.9054,
NiVP,half,mp-1216512,20,1.9054,
NiVAs,half,mp-1101976,20,1.9956,
NiVSb,half,mp-1067900,20,2.0,
NiVSb,half,mp-505599,20,2.0,
NiVSb,half,mp-1216549,20,2.0,
NiCrAl,half,mp-1228914,19,1.0001,
NiCrAl,half,mp-10885,19,1.0001,
NiCrAl,half,mp-1228985,19,1.0001,
NiCrIn,half,mp-1007991,19,3.7035,
NiCrSi,half,mp-1103085,20,2.0,
NiCrSi,half,mp-505629,20,2.0,
NiCrSi,half,mp-541940,20,2.0,
NiCrSn,half,mp-1226408,20,2.488,
NiCrSn,half,mp-1226062,20,2.488,
NiCrP,half,mp-1079966,21,3.0,
NiCrP,half,mp-1101790,21,3.0,
NiCrP,half,mp-1226323,21,3.0,
NiCrAs,half,mp-4989,21,3.0,
NiCrAs,half,mp-1226031,21,3.0,
NiCrSb,half,mp-1018161,21,3.0499,
NiCrSb,half,mp-1226212,21,3.0499,
NiCrSb,half,mp-1226332,21,3.0499,
NiMnAl,half,mp-1221740,20,3.1633,
NiMnAl,half,mp-4922,20,3.1633,
NiMnAl,half,mp-1221656,20,3.1633,
NiMnGa,half,mp-604537,20,3.3076,
NiMnGa,half,mp-1206407,20,3.3076,
NiMnGa,half,mp-1222026,20,3.3076,
NiMnIn,half,mp-22731,20,3.8207,
NiMnSi,half,mp-567353,21,3.0,
NiMnSi,half,mp-1210618,21,3.0,
NiMnSi,half,mp-20949,21,3.0,
NiMnGe,half,mp-22029,21,3.0076,
NiMnGe,half,mp-583202,21,3.0076,
NiMnGe,half,mp-21090,21,3.0076,
NiMnSn,half,mp-1221827,21,3.319,
NiMnSn,half,mp-1221821,21,3.319,
NiMnSn,half,mp-1221903,21,3.319,
NiMnP,half,mp-1063388,22,4.0,
NiMnP,half,mp-1221804,22,4.0,
NiMnP,half,mp-1102690,22,4.0,
NiMnAs,half,mp-1103634,22,4.0,
NiMnAs,half,mp-1079845,22,4.0,
NiMnAs,half,mp-510613,22,4.0,
NiMnSb,half,mp-22541,22,4.0,
NiMnSb,half,mp-5124,22,4.0,
NiMnSb,half,mp-1206364,22,4.0,
NiFeAl,half,mp-31186,21,2.9978,
NiFeAl,half,mp-1228910,21,2.9978,
NiFeAl,half,mp-867330,21,2.9978,
NiFeGa,half,mp-622990,21,3.0,
NiFeGa,half,mp-1065359,21,3.0,
NiFeGa,half,mp-1018074,21,3.0,
NiFeIn,half,mp-1223864,21,3.0,
NiFeIn,half,mp-1206345,21,3.0,
NiFeIn,half,mp-1206342,21,3.0,
NiFeSi,half,mp-1207121,22,3.3327,
NiFeSi,half,mp-1212682,22,3.3327,
NiFeSi,half,mp-1103705,22,3.3327,
NiFeGe,half,mp-1206550,22,3.531,
NiFeGe,half,mp-1024972,22,3.531,
NiFeGe,half,mp-1225094,22,3.531,
NiFeSn,half,mp-1207152,22,3.4914,
NiFeSn,half,mp-1025011,22,3.4914,
NiFeSn,half,mp-1224846,22,3.4914,
NiFeP,half,mp-1080653,23,3.5904,
NiFeP,half,mp-571370,23,3.5904,
NiFeP,half,mp-1224771,23,3.5904,
NiFeAs,half,mp-1080824,23,3.674,
NiFeAs,half,mp-1224728,23,3.674,
NiFeAs,half,mp-1224951,23,3.674,
NiFeSb,half,mp-1224810,23,3.3752,
NiFeSb,half,mp-1224908,23,3.3752,
NiFeSb,half,mp-1224765,23,3.3752,
RuTiAl,half,mp-866155,15,0.2434,
RuTiAl,half,mp-1193118,15,0.2434,
RuTiGa,half,mp-865448,15,0.0087,
RuTiGa,half,mp-1194115,15,0.0087,
RuTiSi,half,mp-11560,16,0.0004,
RuTiSi,half,mp-505822,16,0.0004,
RuTiSi,half,mp-865681,16,0.0004,
RuTiGe,half,mp-1188712,16,0.0257,
RuTiGe,half,mp-865640,16,0.0257,
RuTiSn,half,mp-865888,16,0.0,
RuTiP,half,mp-10739,17,0.0,
RuTiAs,half,mp-1208217,17,0.0,
RuTiSb,half,mp-31458,17,0.0,
RuVAl,half,mp-866001,16,1.6167,
RuVGa,half,mp-865586,16,1.5522,
RuVIn,half,mp-1096147,16,1.7241,
RuVSi,half,mp-865507,17,0.6134,
RuVGe,half,mp-865585,17,0.6805,
RuVSn,half,mp-1097533,17,0.942,
RuVSn,half,mp-1187738,17,0.942,
RuVAs,half,mp-1100404,18,0.0,
RuVSb,half,mp-31455,18,0.0,
RuCrAl,half,mp-862781,17,0.6995,
RuCrGa,half,mp-1183688,17,0.6785,
RuCrGa,half,mp-1097653,17,0.6785,
RuCrSi,half,mp-865791,18,0.0,
RuCrGe,half,mp-1206594,18,0.0,
RuCrGe,half,mp-1096447,18,0.0,
RuCrSn,half,mp-1093725,18,0.0,
RuCrSn,half,mp-1206591,18,0.0,
RuCrAs,half,mp-1213816,19,1.0,
RuMnAl,half,mp-864980,18,0.0,
RuMnGa,half,mp-1206997,18,0.1057,
RuMnGa,half,mp-865140,18,0.1057,
RuMnSi,half,mp-999576,19,0.9897,
RuMnSi,half,mp-864966,19,0.9897,
RuMnGe,half,mp-1221898,19,1.0109,
RuMnGe,half,mp-864936,19,1.0109,
RuMnSn,half,mp-999557,19,3.8907,
RuMnSn,half,mp-864971,19,3.8907,
RuMnAs,half,mp-1079969,20,2.0,
RuMnAs,half,mp-10049,20,2.0,
RuMnAs,half,mp-1095782,20,2.0,
RuMnSb,half,mp-864957,20,3.0196,
RuFeAl,half,mp-1096308,19,3.0007,
RuFeGa,half,mp-1096605,19,2.9927,
RuFeGa,half,mp-1184055,19,2.9927,
RuFeSi,half,mp-3464,20,2.1657,
RuFeGe,half,mp-865191,20,2.3091,
RuFeSn,half,mp-636599,20,2.8276,
RuNiAl,half,mp-867775,21,1.4444,
RuNiGa,half,mp-1184299,21,1.1107,
RuNiSb,half,mp-1219954,23,0.0,
RhTiAl,half,mp-866153,16,1.2431,
RhTiAl,half,mp-1194450,16,1.2431,
RhTiAl,half,mp-1217136,16,1.2431,
RhTiGa,half,mp-567679,16,1.178,
RhTiGa,half,mp-866157,16,1.178,
RhTiGa,half,mp-1193834,16,1.178,
RhTiSi,half,mp-672645,17,0.0015,
RhTiGe,half,mp-1208205,17,0.0679,
RhTiGe,half,mp-1093752,17,0.0679,
RhTiGe,half,mp-1187497,17,0.0679,
RhTiSn,half,mp-1206684,17,0.0,
RhTiSn,half,mp-1216641,17,0.0,
RhTiSn,half,mp-865707,17,0.0,
RhTiAs,half,mp-961718,18,0.0,
RhTiAs,half,mp-505540,18,0.0,
RhTiSb,half,mp-1206908,18,0.0,
RhTiSb,half,mp-16687,18,0.0,
RhVSi,half,mp-1100414,18,0.0,
RhVGe,half,mp-1100423,18,0.0,
RhVSn,half,mp-1100421,18,0.0,
RhVSn,half,mp-1178762,18,0.0,
RhVSn,half,mp-669918,18,0.0,
RhVAs,half,mp-20395,19,1.0,
RhVSb,half,mp-1100417,19,1.0,
RhCrGa,half,mp-1093844,18,0.0,
RhCrGa,half,mp-1183690,18,0.0,
RhCrGe,half,mp-961725,19,1.0,
RhCrSn,half,mp-1018066,19,0.9999,
RhCrSn,half,mp-1093756,19,0.9999,
RhCrSn,half,mp-1183708,19,0.9999,
RhCrAs,half,mp-15683,20,2.0,
RhMnAl,half,mp-1221702,19,4.0227,
RhMnAl,half,mp-10894,19,4.0227,
RhMnGa,half,mp-1221872,19,4.0108,
RhMnGa,half,mp-1221629,19,4.0108,
RhMnGa,half,mp-864949,19,4.0108,
RhMnIn,half,mp-1221572,19,4.2613,
RhMnIn,half,mp-864968,19,4.2613,
RhMnSi,half,mp-1014005,20,2.8382,
RhMnSi,half,mp-22565,20,2.8382,
RhMnSi,half,mp-865015,20,2.8382,
RhMnGe,half,mp-18649,20,3.1638,
RhMnGe,half,mp-1079184,20,3.1638,
RhMnGe,half,mp-4664,20,3.1638,
RhMnSn,half,mp-4990,20,3.7188,
RhMnP,half,mp-1079405,21,3.0,
RhMnAs,half,mp-567856,21,3.0289,
RhMnAs,half,mp-1180259,21,3.0289,
RhMnAs,half,mp-20207,21,3.0289,
RhMnSb,half,mp-568891,21,3.3184,
RhMnSb,half,mp-4846,21,3.3184,
RhMnSb,half,mp-568983,21,3.3184,
RhFeAl,half,mp-1096451,20,2.8322,
RhFeAl,half,mp-1261855,20,2.8322,
RhFeAl,half,mp-1183147,20,2.8322,
RhFeGa,half,mp-865170,20,2.8206,
RhFeIn,half,mp-1184829,20,3.0844,
RhFeIn,half,mp-1096551,20,3.0844,
RhFeSn,half,mp-1097141,21,3.0,
RhFeSn,half,mp-1018062,21,3.0,
RhFeSn,half,mp-1184221,21,3.0,
RhFeP,half,mp-1224852,22,3.3912,
RhFeAs,half,mp-1225105,22,3.5772,
RhFeAs,half,mp-1225012,22,3.5772,
RhFeSb,half,mp-1206853,22,3.5768,
RhNiAl,half,mp-1096379,22,0.5473,
RhNiGa,half,mp-866037,22,0.0011,
RhNiGe,half,mp-1097160,23,0.0,
RhNiSn,half,mp-11519,23,0.0,
RhNiP,half,mp-1018823,24,0.0,
RhNiP,half,mp-1079265,24,0.0,
RhNiAs,half,mp-19768,24,0.0,
RhNiAs,half,mp-1220148,24,0.0,
Ti2VAs,inverse,mp-1216670,18,,5.35
Ti2NiAl,inverse,mp-1018016,21,,5.28
Ti2NiAl,inverse,mp-1187453,21,,5.28
Ti2NiAl,inverse,mp-1217197,21,,5.28
Ti2CrSb,inverse,mp-1217253,19,,6.38
Ti2MnSn,inverse,mp-999083,19,,6.39
Ti2MnSn,inverse,mp-1208400,19,,6.39
Ti2MnSn,inverse,mp-1208338,19,,6.39
Ti2CoIn,inverse,mp-999046,20,,6.351
Ti2CoIn,inverse,mp-1018043,20,,6.351
Ti2CoIn,inverse,mp-865548,20,,6.351
V2CrSi,inverse,mp-1216378,20,,5.8497
V2CrSi,inverse,mp-1216382,20,,5.8497
V2CrSi,inverse,mp-1216563,20,,5.8497
V2CrGe,inverse,mp-1216572,20,,5.94
V2MnAl,inverse,mp-1221624,20,,5.9218
V2MnAl,inverse,mp-10895,20,,5.9218
V2MnAl,inverse,mp-1221708,20,,5.9218
V2MnGa,inverse,mp-21235,20,,5.924
V2MnGa,inverse,mp-1222000,20,,5.924
V2MnIn,inverse,mp-1206609,20,,6.271
V2MnSi,inverse,mp-865026,21,,5.8159
V2MnSi,inverse,mp-1221935,21,,5.8159
V2MnSi,inverse,mp-1180331,21,,5.8159
V2MnGe,inverse,mp-865554,21,,5.92
V2MnSn,inverse,mp-1206646,21,,6.2
V2MnP,inverse,mp-1221742,22,,5.6947
V2MnP,inverse,mp-1221555,22,,5.6947
V2FeAl,inverse,mp-1228827,21,,5.9142
V2FeAl,inverse,mp-1228804,21,,5.9142
V2FeAl,inverse,mp-1228816,21,,5.9142
V2FeGa,inverse,mp-21883,21,,5.91
V2FeGa,inverse,mp-1216782,21,,5.91
V2FeGa,inverse,mp-1216513,21,,5.91
V2FeSi,inverse,mp-1216327,22,,5.7819
V2FeSi,inverse,mp-4595,22,,5.7819
V2FeSi,inverse,mp-1216581,22,,5.7819
Cr2MnAl,inverse,mp-1221714,22,,5.831
Cr2MnAl,inverse,mp-864988,22,,5.831
Cr2MnAl,inverse,mp-1221662,22,,5.831
Cr2MnSi,inverse,mp-1097306,23,,5.66
Cr2MnSi,inverse,mp-1221675,23,,5.66
Cr2MnSi,inverse,mp-1185616,23,,5.66
Cr2FeAl,inverse,mp-1228906,23,,5.76
Cr2FeAl,inverse,mp-1096119,23,,5.76
Cr2FeAl,inverse,mp-1228937,23,,5.76
Cr2FeGa,inverse,mp-30570,23,,5.79
Cr2FeGa,inverse,mp-1226220,23,,5.79
Cr2FeGa,inverse,mp-1227222,23,,5.79
Cr2FeSi,inverse,mp-1226256,24,,5.6189
Cr2FeSi,inverse,mp-1226343,24,,5.6189
Cr2FeSi,inverse,mp-1018068,24,,5.6189
Cr2FeGe,inverse,mp-1226385,24,,5.762
Cr2FeSn,inverse,mp-1008226,24,,6.081
Cr2FeP,inverse,mp-1226245,25,,5.5813
Cr2FeP,inverse,mp-21495,25,,5.5813
Cr2FeAs,inverse,mp-1206083,25,,5.76
Cr2FeAs,inverse,mp-1226258,25,,5.76
Cr2FeAs,inverse,mp-1226210,25,,5.76
Cr2FeSb,inverse,mp-1008225,25,,6.05
Cr2FeSb,inverse,mp-1226216,25,,6.05
Cr2FeSb,inverse,mp-1226271,25,,6.05
Cr2CoAl,inverse,mp-10883,24,,5.79
Cr2CoGa,inverse,mp-567981,24,,5.815
Cr2CoIn,inverse,mp-16735,24,,6.13
Cr2CoP,inverse,mp-1102834,26,,5.6185
Cr2CoP,inverse,mp-1226398,26,,5.6185
Cr2CoSb,inverse,mp-1018082,26,,6.06
Cr2NiAl,inverse,mp-1228914,25,,5.7
Cr2NiAl,inverse,mp-10885,25,,5.7
Cr2NiAl,inverse,mp-1228985,25,,5.7
Cr2NiIn,inverse,mp-1007991,25,,6.18
Cr2NiSn,inverse,mp-1226408,26,,6.17
Cr2NiSn,inverse,mp-1226062,26,,6.17
Cr2NiSb,inverse,mp-1018161,27,,6.132
Cr2NiSb,inverse,mp-1226212,27,,6.132
Cr2NiSb,inverse,mp-1226332,27,,6.132
Cr2CuAl,inverse,mp-16494,26,,5.93
Cr2CuIn,inverse,mp-1007961,26,,6.307
Cr2CuSi,inverse,mp-1007924,27,,5.78
Cr2ZnAl,inverse,mp-1228973,27,,6.005
Mn2NiP,inverse,mp-1063388,29,,5.07
Mn2NiP,inverse,mp-1221804,29,,5.07
Mn2NiP,inverse,mp-1102690,29,,5.07
Mn2FeAl,inverse,mp-1221620,25,,5.75
Mn2FeAl,inverse,mp-31185,25,,5.75
Mn2FeAl,inverse,mp-1093629,25,,5.75
Mn2FeGa,inverse,mp-1097314,25,,5.79
Mn2FeGa,inverse,mp-1065753,25,,5.79
Mn2FeGa,inverse,mp-1018046,25,,5.79
Mn2FeIn,inverse,mp-1221611,25,,6.13
Mn2FeIn,inverse,mp-1206457,25,,6.13
Mn2FeSi,inverse,mp-5529,26,,5.6006
Mn2FeSi,inverse,mp-1221761,26,,5.6006
Mn2FeSi,inverse,mp-1221619,26,,5.6006
Mn2FeGe,inverse,mp-1018071,26,,5.72
Mn2FeGe,inverse,mp-1093841,26,,5.72
Mn2FeGe,inverse,mp-1206829,26,,5.72
Mn2FeSn,inverse,mp-1221751,26,,6.059
Mn2FeP,inverse,mp-1221749,27,,5.5584
Mn2FeP,inverse,mp-1101988,27,,5.5584
Mn2FeP,inverse,mp-1221626,27,,5.5584
Mn2FeAs,inverse,mp-4238,27,,5.72
Mn2FeAs,inverse,mp-505803,27,,5.72
Mn2FeAs,inverse,mp-1221780,27,,5.72
Mn2FeSb,inverse,mp-1221870,27,,5.9914
Mn2CoAl,inverse,mp-13079,26,,5.7349
Mn2CoAl,inverse,mp-3623,26,,5.7349
Mn2CoAl,inverse,mp-1221642,26,,5.7349
Mn2CoGa,inverse,mp-21171,26,,5.76
Mn2CoGa,inverse,mp-20160,26,,5.76
Mn2CoGa,inverse,mp-623453,26,,5.76
Mn2CoIn,inverse,mp-22276,26,,6.091
Mn2CoSi,inverse,mp-961696,27,,5.621
Mn2CoSi,inverse,mp-10365,27,,5.621
Mn2CoSi,inverse,mp-13082,27,,5.621
Mn2CoGe,inverse,mp-22289,27,,5.733
Mn2CoGe,inverse,mp-19850,27,,5.733
Mn2CoGe,inverse,mp-20565,27,,5.733
Mn2CoSn,inverse,mp-20840,27,,6.092
Mn2CoSn,inverse,mp-22465,27,,6.092
Mn2CoSn,inverse,mp-1206556,27,,6.092
Mn2CoP,inverse,mp-1221741,28,,5.5814
Mn2CoP,inverse,mp-1221679,28,,5.5814
Mn2CoP,inverse,mp-20249,28,,5.5814
Mn2CoAs,inverse,mp-1102618,28,,5.7378
Mn2CoAs,inverse,mp-1017515,28,,5.7378
Mn2CoAs,inverse,mp-1221723,28,,5.7378
Mn2CoSb,inverse,mp-570203,28,,5.9853
Mn2CoSb,inverse,mp-5396,28,,5.9853
Mn2CoSb,inverse,mp-13085,28,,5.9853
Mn2NiAl,inverse,mp-1221740,27,,5.8
Mn2NiAl,inverse,mp-4922,27,,5.8
Mn2NiAl,inverse,mp-1221656,27,,5.8
Mn2NiGa,inverse,mp-604537,27,,5.83
Mn2NiGa,inverse,mp-1206407,27,,5.83
Mn2NiGa,inverse,mp-1222026,27,,5.83
Mn2NiIn,inverse,mp-22731,27,,6.17
Mn2NiSi,inverse,mp-567353,28,,5.7
Mn2NiSi,inverse,mp-1210618,28,,5.7
Mn2NiSi,inverse,mp-20949,28,,5.7
Mn2NiGe,inverse,mp-22029,28,,5.85
Mn2NiGe,inverse,mp-583202,28,,5.85
Mn2NiGe,inverse,mp-21090,28,,5.85
Mn2NiSn,inverse,mp-1221827,28,,6.146
Mn2NiSn,inverse,mp-1221821,28,,6.146
Mn2NiSn,inverse,mp-1221903,28,,6.146
Mn2CuAl,inverse,mp-1221881,28,,5.89
Mn2CuAl,inverse,mp-3574,28,,5.89
Mn2CuAl,inverse,mp-1221904,28,,5.89
Mn2CuGa,inverse,mp-1095760,28,,5.937
Mn2CuGa,inverse,mp-1221894,28,,5.937
Mn2CuGa,inverse,mp-1222029,28,,5.937
Mn2CuIn,inverse,mp-1222081,28,,6.247
Mn2CuIn,inverse,mp-1102046,28,,6.247
Mn2CuIn,inverse,mp-1221981,28,,6.247
Fe2CuAs,inverse,mp-1225133,32,,5.2
Fe2CoAl,inverse,mp-10884,28,,5.7006
Fe2CoAl,inverse,mp-862691,28,,5.7006
Fe2CoAl,inverse,mp-1228905,28,,5.7006
Fe2CoGa,inverse,mp-636212,28,,5.724
Fe2CoGa,inverse,mp-1224895,28,,5.724
Fe2CoGa,inverse,mp-30551,28,,5.724
Fe2CoIn,inverse,mp-21211,28,,6.0101
Fe2CoSi,inverse,mp-1207117,29,,5.6086
Fe2CoSi,inverse,mp-1224983,29,,5.6086
Fe2CoSi,inverse,mp-1102660,29,,5.6086
Fe2CoGe,inverse,mp-1025047,29,,5.72
Fe2CoGe,inverse,mp-22300,29,,5.72
Fe2CoGe,inverse,mp-30044,29,,5.72
Fe2CoSn,inverse,mp-1225025,29,,5.9753
Fe2CoSn,inverse,mp-1025124,29,,5.9753
Fe2CoSn,inverse,mp-1206855,29,,5.9753
Fe2CoP,inverse,mp-1095664,30,,5.5898
Fe2CoAs,inverse,mp-675526,30,,5.7646
Fe2CoAs,inverse,mp-1224972,30,,5.7646
Fe2CoSb,inverse,mp-1224950,30,,5.992
Fe2NiAl,inverse,mp-31186,29,,5.7455
Fe2NiAl,inverse,mp-1228910,29,,5.7455
Fe2NiAl,inverse,mp-867330,29,,5.7455
Fe2NiGa,inverse,mp-622990,29,,5.757
Fe2NiGa,inverse,mp-1065359,29,,5.757
Fe2NiGa,inverse,mp-1018074,29,,5.757
Fe2NiIn,inverse,mp-1223864,29,,6.0193
Fe2NiIn,inverse,mp-1206345,29,,6.0193
Fe2NiIn,inverse,mp-1206342,29,,6.0193
Co2NiAl,inverse,mp-1228972,31,,5.69
Co2NiAl,inverse,mp-1214804,31,,5.69
Co2NiAl,inverse,mp-1214822,31,,5.69
Co2NiGa,inverse,mp-1224797,31,,5.21
Co2NiGa,inverse,mp-20551,31,,5.21
Co2NiGa,inverse,mp-1007821,31,,5.21
Co2NiSi,inverse,mp-1226006,32,,5.0307
Co2NiSi,inverse,mp-1102115,32,,5.0307
Co2NiSi,inverse,mp-1226011,32,,5.0307
Co2NiGe,inverse,mp-1226021,32,,5.13
Co2NiGe,inverse,mp-1226015,32,,5.13
Co2NiSn,inverse,mp-1226203,32,,5.3848
Co2NiSn,inverse,mp-20237,32,,5.3848
CoFeTiSb,quaternary,mp-998973,26,2.0,
CoFeCrAl,quaternary,mp-1228949,26,1.97,
CoFeCrSi,quaternary,mp-1213726,27,3.0,
CoFeMnAl,quaternary,mp-1221633,27,3.0,
CoFeMnGa,quaternary,mp-999552,27,3.0,
CoFeMnGe,quaternary,mp-1018024,28,4.0,
CoFeVAl,quaternary,mp-1008530,25,0.96,
CoFeVGa,quaternary,mp-1066581,25,0.98,
CoFeVGa,quaternary,mp-1216459,25,0.98,
CoFeVSi,quaternary,mp-1066609,26,1.96,
CoFeVGe,quaternary,mp-1063914,26,3.0,
CoFeVAs,quaternary,mp-1066006,27,3.0,
CoMnCrSi,quaternary,mp-1221846,26,2.0,
CoMnCrGe,quaternary,mp-1222067,26,2.0,
CoCuMnSn,quaternary,mp-1221637,31,4.05,
MnNiCuSb,quaternary,mp-1221889,33,3.85,
NiCuMnSn,quaternary,mp-1221630,32,4.2,
NiCuMnSb,quaternary,mp-1221889,33,3.99,
NiCoMnGe,quaternary,mp-1222036,30,4.93,
CuCoMnSn,quaternary,mp-1221637,31,3.561,
CuNiMnSn,quaternary,mp-1221630,32,0.93,
